analysis_key,model_name,threshold_name,metric_name,repetitions_expected,repetitions_valid,repetitions_invalid,mean,sd,median,p2_5,p97_5,minimum,maximum,interval_label
1y,logistic_core_ridge,FIXED_0_5,accuracy,100,100,0,0.9004635761589403,0.0014748443930702965,0.9006622516556292,0.9006622516556292,0.9006622516556292,0.8874172185430463,0.9006622516556292,distribuicao descritiva entre repeticoes
1y,logistic_core_ridge,FIXED_0_5,balanced_accuracy,100,100,0,0.5004828431372549,0.004001593469136283,0.5,0.5,0.5,0.49264705882352944,0.529656862745098,distribuicao descritiva entre repeticoes
1y,logistic_core_ridge,FIXED_0_5,f1,100,100,0,0.0022875816993464053,0.016100444331359747,0.0,0.0,0.0,0.0,0.11764705882352941,distribuicao descritiva entre repeticoes
1y,logistic_core_ridge,FIXED_0_5,negative_predictive_value,100,100,0,0.9007501294351821,0.000727707467048514,0.9006622516556292,0.9006622516556292,0.9006622516556292,0.8993288590604027,0.9060402684563759,distribuicao descritiva entre repeticoes
1y,logistic_core_ridge,FIXED_0_5,positive_predictive_value,100,3,97,0.27777777777777773,0.2545875386086578,0.3333333333333333,0.016666666666666666,0.49166666666666664,0.0,0.5,distribuicao descritiva entre repeticoes
1y,logistic_core_ridge,FIXED_0_5,sensitivity,100,100,0,0.0013333333333333333,0.00938035294241931,0.0,0.0,0.0,0.0,0.06666666666666667,distribuicao descritiva entre repeticoes
1y,logistic_core_ridge,FIXED_0_5,specificity,100,100,0,0.9996323529411765,0.0021859867279800044,1.0,0.996139705882353,1.0,0.9852941176470589,1.0,distribuicao descritiva entre repeticoes
1y,logistic_core_ridge,TRAIN_EVENT_RATE,accuracy,100,100,0,0.663774834437086,0.02662110541932973,0.6622516556291391,0.6026490066225165,0.7086092715231788,0.5960264900662252,0.7152317880794702,distribuicao descritiva entre repeticoes
1y,logistic_core_ridge,TRAIN_EVENT_RATE,balanced_accuracy,100,100,0,0.6540882352941176,0.030452630084745805,0.658578431372549,0.5675245098039216,0.6995465686274508,0.5421568627450981,0.7122549019607842,distribuicao descritiva entre repeticoes
1y,logistic_core_ridge,TRAIN_EVENT_RATE,f1,100,100,0,0.2756469617883868,0.025400170297870363,0.2777777777777778,0.2088294314381271,0.31595238095238093,0.1891891891891892,0.3235294117647059,distribuicao descritiva entre repeticoes
1y,logistic_core_ridge,TRAIN_EVENT_RATE,negative_predictive_value,100,100,0,0.9440088801210581,0.008132805345435394,0.946236559139785,0.9190772685515974,0.9572458791208791,0.9130434782608695,0.9591836734693877,distribuicao descritiva entre repeticoes
1y,logistic_core_ridge,TRAIN_EVENT_RATE,positive_predictive_value,100,100,0,0.17569336074223338,0.017550304104175317,0.17543859649122806,0.13497826086956521,0.20408163265306123,0.11864406779661017,0.20833333333333334,distribuicao descritiva entre repeticoes
1y,logistic_core_ridge,TRAIN_EVENT_RATE,sensitivity,100,100,0,0.642,0.05331228540902283,0.6666666666666666,0.4666666666666667,0.7333333333333333,0.4,0.7333333333333333,distribuicao descritiva entre repeticoes
1y,logistic_core_ridge,TRAIN_EVENT_RATE,specificity,100,100,0,0.6661764705882353,0.02890608062893002,0.6617647058823529,0.6025735294117647,0.7132352941176471,0.5955882352941176,0.7205882352941176,distribuicao descritiva entre repeticoes
1y,logistic_parsimonious,FIXED_0_5,accuracy,100,100,0,0.8971241830065364,0.008745242215521259,0.9019607843137255,0.8758169934640523,0.9019607843137255,0.8758169934640523,0.9019607843137255,distribuicao descritiva entre repeticoes
1y,logistic_parsimonious,FIXED_0_5,balanced_accuracy,100,100,0,0.5038550724637681,0.01280871705598413,0.5,0.4872282608695652,0.5468297101449275,0.4855072463768116,0.5521739130434783,distribuicao descritiva entre repeticoes
1y,logistic_parsimonious,FIXED_0_5,f1,100,100,0,0.021279734249985967,0.049701763045825714,0.0,0.0,0.1780632411067193,0.0,0.19047619047619047,distribuicao descritiva entre repeticoes
1y,logistic_parsimonious,FIXED_0_5,negative_predictive_value,100,100,0,0.9026724643415659,0.002357943099708082,0.9019607843137255,0.8996476510067114,0.9106672177609825,0.8993288590604027,0.9115646258503401,distribuicao descritiva entre repeticoes
1y,logistic_parsimonious,FIXED_0_5,positive_predictive_value,100,26,74,0.1565018315018315,0.12429129287299158,0.2,0.0,0.3333333333333333,0.0,0.3333333333333333,distribuicao descritiva entre repeticoes
1y,logistic_parsimonious,FIXED_0_5,sensitivity,100,100,0,0.014666666666666668,0.034918535946363585,0.0,0.0,0.13333333333333333,0.0,0.13333333333333333,distribuicao descritiva entre repeticoes
1y,logistic_parsimonious,FIXED_0_5,specificity,100,100,0,0.9930434782608696,0.012568829296507003,1.0,0.9637681159420289,1.0,0.9565217391304348,1.0,distribuicao descritiva entre repeticoes
1y,logistic_parsimonious,TRAIN_EVENT_RATE,accuracy,100,100,0,0.6956209150326796,0.053311223486569206,0.7058823529411765,0.5848039215686275,0.8300653594771242,0.5751633986928104,0.8300653594771242,distribuicao descritiva entre repeticoes
1y,logistic_parsimonious,TRAIN_EVENT_RATE,balanced_accuracy,100,100,0,0.6206231884057971,0.03313470252934427,0.6289855072463768,0.5377717391304347,0.6688768115942029,0.5268115942028986,0.6731884057971014,distribuicao descritiva entre repeticoes
1y,logistic_parsimonious,TRAIN_EVENT_RATE,f1,100,100,0,0.256335318492358,0.03520886229721906,0.2601797990481227,0.18100093764650727,0.35,0.1724137931034483,0.35,distribuicao descritiva entre repeticoes
1y,logistic_parsimonious,TRAIN_EVENT_RATE,negative_predictive_value,100,100,0,0.9328509630107169,0.00795193102691447,0.9345794392523364,0.9111423220973782,0.9444444444444444,0.9090909090909091,0.944954128440367,distribuicao descritiva entre repeticoes
1y,logistic_parsimonious,TRAIN_EVENT_RATE,positive_predictive_value,100,100,0,0.17111920876991452,0.031320120621136004,0.17349498327759197,0.121875,0.28,0.109375,0.28,distribuicao descritiva entre repeticoes
1y,logistic_parsimonious,TRAIN_EVENT_RATE,sensitivity,100,100,0,0.5273333333333333,0.06904511448244907,0.5333333333333333,0.3333333333333333,0.6349999999999993,0.3333333333333333,0.6666666666666666,distribuicao descritiva entre repeticoes
1y,logistic_parsimonious,TRAIN_EVENT_RATE,specificity,100,100,0,0.7139130434782609,0.06246726816614192,0.7246376811594203,0.5831521739130435,0.8695652173913043,0.5797101449275363,0.8695652173913043,distribuicao descritiva entre repeticoes
2y,decision_tree_shallow,FIXED_0_5,accuracy,100,100,0,0.6315789473684211,0.06504839864792133,0.6228070175438597,0.5129385964912281,0.7456140350877193,0.47368421052631576,0.7719298245614035,distribuicao descritiva entre repeticoes
2y,decision_tree_shallow,FIXED_0_5,balanced_accuracy,100,100,0,0.5778993055555557,0.04451996181310383,0.5807291666666667,0.4963541666666667,0.6546006944444445,0.4409722222222222,0.6684027777777778,distribuicao descritiva entre repeticoes
2y,decision_tree_shallow,FIXED_0_5,f1,100,100,0,0.29744466856247437,0.0485744779396323,0.3021061869240895,0.1955762792922047,0.37733333333333324,0.16216216216216217,0.40816326530612246,distribuicao descritiva entre repeticoes
2y,decision_tree_shallow,FIXED_0_5,negative_predictive_value,100,100,0,0.8763560335828028,0.021433594006335595,0.8764738521292829,0.8407407407407407,0.9173838797814208,0.8169014084507042,0.9387755102040817,distribuicao descritiva entre repeticoes
2y,decision_tree_shallow,FIXED_0_5,positive_predictive_value,100,100,0,0.21650591165646774,0.03671503200645078,0.21498599439775912,0.15454545454545454,0.29231499051233395,0.11627906976744186,0.3333333333333333,distribuicao descritiva entre repeticoes
2y,decision_tree_shallow,FIXED_0_5,sensitivity,100,100,0,0.4994444444444445,0.13365444870937876,0.5,0.24861111111111112,0.7222222222222222,0.16666666666666666,0.8333333333333334,distribuicao descritiva entre repeticoes
2y,decision_tree_shallow,FIXED_0_5,specificity,100,100,0,0.6563541666666667,0.09414659612619711,0.6666666666666666,0.4791666666666667,0.8234374999999998,0.4270833333333333,0.84375,distribuicao descritiva entre repeticoes
2y,decision_tree_shallow,TRAIN_EVENT_RATE,accuracy,100,100,0,0.3726315789473684,0.056001178727462214,0.381578947368421,0.2719298245614035,0.45614035087719296,0.22807017543859648,0.4649122807017544,distribuicao descritiva entre repeticoes
2y,decision_tree_shallow,TRAIN_EVENT_RATE,balanced_accuracy,100,100,0,0.5769444444444444,0.03807939129791734,0.5815972222222222,0.49014756944444443,0.6458333333333334,0.4704861111111111,0.6545138888888888,distribuicao descritiva entre repeticoes
2y,decision_tree_shallow,TRAIN_EVENT_RATE,f1,100,100,0,0.30605099869035324,0.022817054025964616,0.3084853291038858,0.25430166912125673,0.34615384615384615,0.2391304347826087,0.3541666666666667,distribuicao descritiva entre repeticoes
2y,decision_tree_shallow,TRAIN_EVENT_RATE,negative_predictive_value,100,100,0,0.9268089960982077,0.04301841574298701,0.9333333333333333,0.8308333333333334,1.0,0.8076923076923077,1.0,distribuicao descritiva entre repeticoes
2y,decision_tree_shallow,TRAIN_EVENT_RATE,positive_predictive_value,100,100,0,0.1857283819026436,0.014392770941718262,0.1864298492205469,0.1542566393646066,0.20930232558139536,0.14772727272727273,0.21794871794871795,distribuicao descritiva entre repeticoes
2y,decision_tree_shallow,TRAIN_EVENT_RATE,sensitivity,100,100,0,0.8755555555555558,0.08867820148931176,0.8888888888888888,0.6666666666666666,1.0,0.6111111111111112,1.0,distribuicao descritiva entre repeticoes
2y,decision_tree_shallow,TRAIN_EVENT_RATE,specificity,100,100,0,0.2783333333333334,0.07469248122027913,0.2916666666666667,0.14583333333333334,0.4013020833333332,0.10416666666666667,0.4270833333333333,distribuicao descritiva entre repeticoes
2y,logistic_core_ridge,FIXED_0_5,accuracy,100,100,0,0.839736842105263,0.00889117950843565,0.8421052631578947,0.8245614035087719,0.8508771929824561,0.7894736842105263,0.8596491228070176,distribuicao descritiva entre repeticoes
2y,logistic_core_ridge,FIXED_0_5,balanced_accuracy,100,100,0,0.5159722222222222,0.022590343643240366,0.517361111111111,0.4895833333333333,0.5704427083333333,0.4895833333333333,0.6006944444444444,distribuicao descritiva entre repeticoes
2y,logistic_core_ridge,FIXED_0_5,f1,100,100,0,0.07242931972680257,0.07951479776869813,0.09523809523809523,0.0,0.25570652173913033,0.0,0.3333333333333333,distribuicao descritiva entre repeticoes
2y,logistic_core_ridge,FIXED_0_5,negative_predictive_value,100,100,0,0.8464844648080592,0.006237522720855025,0.8468468468468469,0.8392857142857143,0.8617800713557595,0.8392857142857143,0.8703703703703703,distribuicao descritiva entre repeticoes
2y,logistic_core_ridge,FIXED_0_5,positive_predictive_value,100,75,25,0.3998888888888889,0.3173075938409119,0.5,0.0,1.0,0.0,1.0,distribuicao descritiva entre repeticoes
2y,logistic_core_ridge,FIXED_0_5,sensitivity,100,100,0,0.042777777777777776,0.049220764179229576,0.05555555555555555,0.0,0.16666666666666666,0.0,0.2222222222222222,distribuicao descritiva entre repeticoes
2y,logistic_core_ridge,FIXED_0_5,specificity,100,100,0,0.9891666666666667,0.01097214230887662,0.9895833333333334,0.96875,1.0,0.9270833333333334,1.0,distribuicao descritiva entre repeticoes
2y,logistic_core_ridge,TRAIN_EVENT_RATE,accuracy,100,100,0,0.681666666666667,0.02865700499457371,0.6842105263157895,0.6228070175438597,0.7326754385964912,0.6140350877192983,0.7368421052631579,distribuicao descritiva entre repeticoes
2y,logistic_core_ridge,TRAIN_EVENT_RATE,balanced_accuracy,100,100,0,0.6816666666666668,0.037339555236671984,0.6875,0.5919270833333333,0.7318142361111111,0.5677083333333333,0.7430555555555556,distribuicao descritiva entre repeticoes
2y,logistic_core_ridge,TRAIN_EVENT_RATE,f1,100,100,0,0.40390291632904485,0.03855361724783466,0.4097390368576809,0.31406249999999997,0.4617827868852459,0.2903225806451613,0.4666666666666667,distribuicao descritiva entre repeticoes
2y,logistic_core_ridge,TRAIN_EVENT_RATE,negative_predictive_value,100,100,0,0.919515813354931,0.015618167106709203,0.92,0.88075,0.942463768115942,0.8714285714285714,0.9444444444444444,distribuicao descritiva entre repeticoes
2y,logistic_core_ridge,TRAIN_EVENT_RATE,positive_predictive_value,100,100,0,0.28736563266639886,0.02960983645360092,0.2926829268292683,0.22208498023715414,0.3333333333333333,0.20454545454545456,0.34210526315789475,distribuicao descritiva entre repeticoes
2y,logistic_core_ridge,TRAIN_EVENT_RATE,sensitivity,100,100,0,0.6816666666666669,0.06407952332757333,0.6666666666666666,0.5,0.7777777777777778,0.5,0.7777777777777778,distribuicao descritiva entre repeticoes
2y,logistic_core_ridge,TRAIN_EVENT_RATE,specificity,100,100,0,0.6816666666666665,0.030136590472338083,0.6875,0.61953125,0.7395833333333334,0.6041666666666666,0.75,distribuicao descritiva entre repeticoes
2y,logistic_parsimonious,FIXED_0_5,accuracy,100,100,0,0.8343478260869562,0.010368328872489702,0.8347826086956521,0.8173913043478261,0.8521739130434782,0.782608695652174,0.8608695652173913,distribuicao descritiva entre repeticoes
2y,logistic_parsimonious,FIXED_0_5,balanced_accuracy,100,100,0,0.546168384879725,0.03180963346951076,0.54524627720504,0.4845360824742268,0.6131156930126003,0.4845360824742268,0.618270332187858,distribuicao descritiva entre repeticoes
2y,logistic_parsimonious,FIXED_0_5,f1,100,100,0,0.18587443615299687,0.09169201593537149,0.18181818181818182,0.0,0.35714285714285715,0.0,0.37037037037037035,distribuicao descritiva entre repeticoes
2y,logistic_parsimonious,FIXED_0_5,negative_predictive_value,100,100,0,0.8564422361019877,0.009080016334665113,0.8558558558558559,0.8392857142857143,0.8761904761904762,0.8392857142857143,0.8773584905660378,distribuicao descritiva entre repeticoes
2y,logistic_parsimonious,FIXED_0_5,positive_predictive_value,100,100,0,0.3854808802308803,0.1462215804091945,0.41428571428571426,0.0,0.6349999999999993,0.0,0.75,distribuicao descritiva entre repeticoes
2y,logistic_parsimonious,FIXED_0_5,sensitivity,100,100,0,0.12666666666666665,0.07021957971416391,0.1111111111111111,0.0,0.2777777777777778,0.0,0.2777777777777778,distribuicao descritiva entre repeticoes
2y,logistic_parsimonious,FIXED_0_5,specificity,100,100,0,0.9656701030927836,0.01335391346271842,0.9690721649484536,0.9484536082474226,0.9896907216494846,0.9072164948453608,0.9896907216494846,distribuicao descritiva entre repeticoes
2y,logistic_parsimonious,TRAIN_EVENT_RATE,accuracy,100,100,0,0.6366086956521739,0.040016704232029236,0.6260869565217392,0.5565217391304348,0.7217391304347827,0.5565217391304348,0.7304347826086957,distribuicao descritiva entre repeticoes
2y,logistic_parsimonious,TRAIN_EVENT_RATE,balanced_accuracy,100,100,0,0.6155927835051547,0.02712804467918633,0.6199885452462772,0.5576174112256587,0.6556271477663229,0.5037227949599083,0.6632302405498282,distribuicao descritiva entre repeticoes
2y,logistic_parsimonious,TRAIN_EVENT_RATE,f1,100,100,0,0.33406255261632745,0.026887761408639865,0.3384615384615385,0.2733333333333333,0.3728009259259259,0.22580645161290322,0.39215686274509803,distribuicao descritiva entre repeticoes
2y,logistic_parsimonious,TRAIN_EVENT_RATE,negative_predictive_value,100,100,0,0.8945858953243727,0.014774790677631044,0.8955223880597015,0.865582191780822,0.9259259259259259,0.8450704225352113,0.9259259259259259,distribuicao descritiva entre repeticoes
2y,logistic_parsimonious,TRAIN_EVENT_RATE,positive_predictive_value,100,100,0,0.23577169049471688,0.01959789966232988,0.23404255319148937,0.20482226107226106,0.27537878787878783,0.1590909090909091,0.30303030303030304,distribuicao descritiva entre repeticoes
2y,logistic_parsimonious,TRAIN_EVENT_RATE,sensitivity,100,100,0,0.585,0.09291358501899724,0.6111111111111112,0.3888888888888889,0.7777777777777778,0.3333333333333333,0.7777777777777778,distribuicao descritiva entre repeticoes
2y,logistic_parsimonious,TRAIN_EVENT_RATE,specificity,100,100,0,0.6461855670103093,0.060785635274797536,0.6288659793814433,0.5154639175257731,0.7682989690721649,0.5154639175257731,0.7835051546391752,distribuicao descritiva entre repeticoes
2y_landmark,logistic_core_ridge,FIXED_0_5,accuracy,100,100,0,0.8710909090909092,0.004162971063330807,0.8727272727272727,0.8588636363636364,0.8727272727272727,0.8545454545454545,0.8727272727272727,distribuicao descritiva entre repeticoes
2y_landmark,logistic_core_ridge,FIXED_0_5,balanced_accuracy,100,100,0,0.5011979166666667,0.007829316917078225,0.5,0.4920572916666667,0.5305059523809524,0.4895833333333333,0.5305059523809524,distribuicao descritiva entre repeticoes
2y_landmark,logistic_core_ridge,FIXED_0_5,f1,100,100,0,0.008529411764705883,0.031260942301515694,0.0,0.0,0.125,0.0,0.125,distribuicao descritiva entre repeticoes
2y_landmark,logistic_core_ridge,FIXED_0_5,negative_predictive_value,100,100,0,0.8730008943647803,0.0017756879723080082,0.8727272727272727,0.8709352701325178,0.8796296296296297,0.8703703703703703,0.8796296296296297,distribuicao descritiva entre repeticoes
2y_landmark,logistic_core_ridge,FIXED_0_5,positive_predictive_value,100,19,81,0.15789473684210525,0.21853668936906193,0.0,0.0,0.5,0.0,0.5,distribuicao descritiva entre repeticoes
2y_landmark,logistic_core_ridge,FIXED_0_5,sensitivity,100,100,0,0.005,0.01831659999830305,0.0,0.0,0.07142857142857142,0.0,0.07142857142857142,distribuicao descritiva entre repeticoes
2y_landmark,logistic_core_ridge,FIXED_0_5,specificity,100,100,0,0.9973958333333333,0.005805421135653258,1.0,0.9791666666666666,1.0,0.9791666666666666,1.0,distribuicao descritiva entre repeticoes
2y_landmark,logistic_core_ridge,TRAIN_EVENT_RATE,accuracy,100,100,0,0.6583636363636363,0.032616381870276545,0.6545454545454545,0.5813636363636364,0.7181818181818181,0.5545454545454546,0.7272727272727273,distribuicao descritiva entre repeticoes
2y_landmark,logistic_core_ridge,TRAIN_EVENT_RATE,balanced_accuracy,100,100,0,0.6428943452380953,0.03743320273543833,0.6469494047619048,0.5701822916666667,0.7057477678571428,0.5572916666666667,0.7165178571428572,distribuicao descritiva entre repeticoes
2y_landmark,logistic_core_ridge,TRAIN_EVENT_RATE,f1,100,100,0,0.31720743744399954,0.034154882666604616,0.32071428571428573,0.2521590909090909,0.3762382075471698,0.2413793103448276,0.39215686274509803,distribuicao descritiva entre repeticoes
2y_landmark,logistic_core_ridge,TRAIN_EVENT_RATE,negative_predictive_value,100,100,0,0.9234387492179611,0.01335157748946229,0.9264705882352942,0.8985507246376812,0.9440727699530516,0.8939393939393939,0.9523809523809523,distribuicao descritiva entre repeticoes
2y_landmark,logistic_core_ridge,TRAIN_EVENT_RATE,positive_predictive_value,100,100,0,0.21334809346540548,0.024547530002419767,0.21428571428571427,0.16859756097560977,0.2603007518796992,0.1590909090909091,0.2702702702702703,distribuicao descritiva entre repeticoes
2y_landmark,logistic_core_ridge,TRAIN_EVENT_RATE,sensitivity,100,100,0,0.6221428571428572,0.07199987974977935,0.6428571428571429,0.5,0.7142857142857143,0.5,0.7857142857142857,distribuicao descritiva entre repeticoes
2y_landmark,logistic_core_ridge,TRAIN_EVENT_RATE,specificity,100,100,0,0.6636458333333334,0.037871540236760926,0.6666666666666666,0.5674479166666666,0.7242187499999999,0.53125,0.75,distribuicao descritiva entre repeticoes
2y_landmark,logistic_parsimonious,FIXED_0_5,accuracy,100,100,0,0.8659459459459461,0.009691163628647,0.8738738738738738,0.8468468468468469,0.8738738738738738,0.8378378378378378,0.8738738738738738,distribuicao descritiva entre repeticoes
2y_landmark,logistic_parsimonious,FIXED_0_5,balanced_accuracy,100,100,0,0.5107437407952872,0.022038646607671217,0.5,0.4845360824742268,0.5559646539027983,0.4793814432989691,0.5865243004418262,distribuicao descritiva entre repeticoes
2y_landmark,logistic_parsimonious,FIXED_0_5,f1,100,100,0,0.05374929971988795,0.07962538896685813,0.0,0.0,0.21052631578947367,0.0,0.2857142857142857,distribuicao descritiva entre repeticoes
2y_landmark,logistic_parsimonious,FIXED_0_5,negative_predictive_value,100,100,0,0.8763555463137294,0.00508643055995348,0.8738738738738738,0.8703703703703703,0.8867924528301887,0.8691588785046729,0.8942307692307693,distribuicao descritiva entre repeticoes
2y_landmark,logistic_parsimonious,FIXED_0_5,positive_predictive_value,100,50,50,0.23123809523809524,0.16880321510332472,0.25,0.0,0.5,0.0,0.5,distribuicao descritiva entre repeticoes
2y_landmark,logistic_parsimonious,FIXED_0_5,sensitivity,100,100,0,0.03571428571428572,0.05419906504566629,0.0,0.0,0.14285714285714285,0.0,0.21428571428571427,distribuicao descritiva entre repeticoes
2y_landmark,logistic_parsimonious,FIXED_0_5,specificity,100,100,0,0.9857731958762888,0.015492008225629888,0.9948453608247423,0.9587628865979382,1.0,0.9587628865979382,1.0,distribuicao descritiva entre repeticoes
2y_landmark,logistic_parsimonious,TRAIN_EVENT_RATE,accuracy,100,100,0,0.641981981981982,0.04663883482592218,0.6306306306306306,0.5765765765765766,0.7297297297297297,0.5405405405405406,0.7477477477477478,distribuicao descritiva entre repeticoes
2y_landmark,logistic_parsimonious,TRAIN_EVENT_RATE,balanced_accuracy,100,100,0,0.5907106038291604,0.028356994368093403,0.5949926362297496,0.5284609720176731,0.6387426362297496,0.5033136966126657,0.6513254786450663,distribuicao descritiva entre repeticoes
2y_landmark,logistic_parsimonious,TRAIN_EVENT_RATE,f1,100,100,0,0.2692589404782398,0.026073418537654845,0.2719568567026194,0.21378718535469107,0.31248366013071893,0.18867924528301888,0.32142857142857145,distribuicao descritiva entre repeticoes
2y_landmark,logistic_parsimonious,TRAIN_EVENT_RATE,negative_predictive_value,100,100,0,0.9055788223972131,0.01045119203661851,0.9076923076923077,0.8839495798319328,0.9256633499170812,0.875,0.927536231884058,distribuicao descritiva entre repeticoes
2y_landmark,logistic_parsimonious,TRAIN_EVENT_RATE,positive_predictive_value,100,100,0,0.18286357641036335,0.020831457265264468,0.18181818181818182,0.1427680090754396,0.22410394265232972,0.1282051282051282,0.23333333333333334,distribuicao descritiva entre repeticoes
2y_landmark,logistic_parsimonious,TRAIN_EVENT_RATE,sensitivity,100,100,0,0.5221428571428571,0.0777803545233856,0.5,0.35714285714285715,0.6428571428571429,0.35714285714285715,0.7142857142857143,distribuicao descritiva entre repeticoes
2y_landmark,logistic_parsimonious,TRAIN_EVENT_RATE,specificity,100,100,0,0.6592783505154638,0.06049343474224674,0.6391752577319587,0.5822164948453608,0.7682989690721649,0.5154639175257731,0.8041237113402062,distribuicao descritiva entre repeticoes
